# LimeSurvey Survey Dump
# DBVersion 138
# This is a dumped survey from the LimeSurvey Script
# http://www.limesurvey.org/
# Do not change this header!

#
# SURVEYS TABLE
#
"sid","owner_id","admin","active","startdate","expires","adminemail","private","faxto","format","template","language","additional_languages","datestamp","usecookie","notification","allowregister","allowsave","printanswers","autonumber_start","autoredirect","allowprev","ipaddr","refurl","datecreated","listpublic","publicstatistics","publicgraphs","htmlemail","tokenanswerspersistence","assessments","usecaptcha","bounce_email","usetokens","attributedescriptions"
"26553","1","Tim Wahrendorff","N","","","wahrendorff@localhost","Y","","G","hisinone","de","","N","N","0","N","Y","N","0","N","Y","N","N","2009-04-21","N","N","N","Y","N","N","D","wahrendorff@localhost","N",""

#
# GROUPS TABLE
#

#
# QUESTIONS TABLE
#

#
# ANSWERS TABLE
#

#
# CONDITIONS TABLE
#

#
# LABELSETS TABLE
#

#
# LABELS TABLE
#

#
# QUESTION_ATTRIBUTES TABLE
#

#
# ASSESSMENTS TABLE
#

#
# SURVEYS_LANGUAGESETTINGS TABLE
#
"surveyls_survey_id","surveyls_language","surveyls_title","surveyls_description","surveyls_welcometext","surveyls_url","surveyls_urldescription","surveyls_endtext","surveyls_email_invite_subj","surveyls_email_invite","surveyls_email_remind_subj","surveyls_email_remind","surveyls_email_register_subj","surveyls_email_register","surveyls_email_confirm_subj","surveyls_email_confirm","surveyls_dateformat"
"26553","de","Empty","","","","","<br />","Einladung zur Teilnahme an einer Umfrage","Hallo {FIRSTNAME},<br /><br />Hiermit möchten wir Sie zu einer Umfrage einladen.<br /><br />Der Titel der Umfrage ist <br />'{SURVEYNAME}'<br /><br />'{SURVEYDESCRIPTION}'<br /><br />Um an dieser Umfrage teilzunehmen, klicken Sie bitte auf den unten stehenden Link.<br /><br />Mit freundlichen Grüßen,<br /><br />{ADMINNAME} ({ADMINEMAIL})<br /><br />----------------------------------------------<br />Klicken Sie hier um die Umfrage zu starten:<br />{SURVEYURL}","Erinnerung an Teilnahme an einer Umfrage","Hallo {FIRSTNAME},<br /><br />Vor kurzem haben wir Sie zu einer Umfrage eingeladen.<br /><br />Zu unserem Bedauern haben wir bemerkt, dass Sie die Umfrage noch nicht ausgefüllt haben. Wir möchten Ihnen mitteilen, dass die Umfrage noch aktiv ist und würden uns freuen, wenn Sie teilnehmen könnten.<br /><br />Der Titel der Umfrage ist <br />'{SURVEYNAME}'<br /><br />'{SURVEYDESCRIPTION}'<br /><br />Um an dieser Umfrage teilzunehmen, klicken Sie bitte auf den unten stehenden Link.<br /><br /> Mit freundlichen Grüßen,<br /><br />{ADMINNAME} ({ADMINEMAIL})<br /><br />----------------------------------------------<br />Klicken Sie hier um die Umfrage zu starten:<br />{SURVEYURL}","Registrierungsbestätigung für Teilnahmeumfrage","Hallo {FIRSTNAME},<br /><br />Sie (oder jemand, der Ihre Email benutzt hat) haben sich für eine Umfrage mit dem Titel {SURVEYNAME} angemeldet.<br /><br />Um an dieser Umfrage teilzunehmen, klicken Sie bitte auf den folgenden Link.<br /><br />{SURVEYURL}<br /><br />Wenn Sie irgendwelche Fragen zu dieser Umfrage haben oder wenn Sie sich _nicht_ für diese Umfrage angemeldet haben und sie glauben, dass Ihnen diese Email irrtümlicherweise zugeschickt worden ist, kontaktieren Sie bitte {ADMINNAME} unter {ADMINEMAIL}.","Abschlussbestätigung einer Umfrage","Hallo {FIRSTNAME},<br /><br />Vielen Dank für die Teilnahme an der Umfrage mit dem Titel {SURVEYNAME}. Ihre Antworten wurden bei uns gespeichert.<br /><br />Wenn Sie irgendwelche Fragen zu dieser Email haben, kontaktieren Sie bitte {ADMINNAME} unter {ADMINEMAIL}.<br /><br />Mit freundlichen Grüßen,<br /><br />{ADMINNAME}","1"

#
# QUOTA TABLE
#

#
# QUOTA_MEMBERS TABLE
#

