# LimeSurvey Survey Dump
# DBVersion 138
# This is a dumped survey from the LimeSurvey Script
# http://www.limesurvey.org/
# Do not change this header!

#
# SURVEYS TABLE
#
"sid","owner_id","admin","active","startdate","expires","adminemail","private","faxto","format","template","language","additional_languages","datestamp","usecookie","notification","allowregister","allowsave","printanswers","autonumber_start","autoredirect","allowprev","ipaddr","refurl","datecreated","listpublic","publicstatistics","publicgraphs","htmlemail","tokenanswerspersistence","assessments","usecaptcha","bounce_email","usetokens","attributedescriptions"
"43521","1","Tim Wahrendorff","N","","","wahrendorff@his.de","Y","","G","hisinone","de","","N","N","0","N","N","N","0","N","Y","N","N","2009-06-02","N","N","N","Y","N","N","D","wahrendorff@his.de","N",""

#
# GROUPS TABLE
#
"gid","sid","group_name","group_order","description","language"
"21","43521","Angaben zum Teilnehmer / zur Teilnehmerin","0","","de"
"22","43521","Angaben zur Lehrveranstaltung","1","","de"
"23","43521","Angaben zur Lehrperson","2","","de"
"24","43521","Abschließende Bewertung","3","","de"

#
# QUESTIONS TABLE
#
"qid","sid","gid","type","title","question","preg","help","other","mandatory","lid","lid1","question_order","language"
"65","43521","21","G","1","Geben Sie bitte Ihr Geschlecht an.<br />","","Diese Frage dient der späteren Auswertung nach Geschlecht. Es steht Ihnen frei diese Frage nicht zu beantworten.<br />","N","N","0","0","0","de"
"66","43521","21","Z","2","In welchem Fachsemester befinden Sie sich momentan?<br />","","","N","N","3","0","1","de"
"67","43521","21","S","3","In welchem Studienfach besuchen Sie die Lehrveranstaltung?<br />","","Bitte geben Sie den offiziellen Namen des Studienfachs an, für den Sie eingeschrieben sind.<br />","N","N","0","0","2","de"
"68","43521","21","!","4","Welchen Abschluss streben Sie an?<br />","","","N","N","0","0","3","de"
"69","43521","21","F","5","Haben Sie regelmässig an der Veranstaltung teilgenommen?<br />","","","N","Y","2","0","4","de"
"70","43521","21","M","5a","Ich habe aus folgendem Grund / folgenden Gründen nicht an der Lehrveranstaltung teilgenommen:<br />","","(Mehrfachnennung möglich)<br />","Y","N","0","0","5","de"
"71","43521","21","M","6","<div style=""text-align: left;"">Was  ist  der  vorrangige  Grund  für  den  Besuch  dieser Lehrveranstaltung?</div>\n<br />","","(Mehrfachnennung möglich)","Y","N","0","0","6","de"
"72","43521","22","F","7","Die Lehrveranstaltung fiel häufig aus.<br />","","","N","Y","1","0","0","de"
"73","43521","22","F","8","Die Lehrveranstaltung hat ein erkennbares Ziel.<br />","","","N","Y","1","0","1","de"
"74","43521","22","F","9","Die Leistungsanforderungen in der Lehrveranstaltung sind zu hoch.<br />","","","N","Y","1","0","2","de"
"75","43521","22","F","10","Ich lerne viel in der Lehrveranstaltung.<br />","","","N","Y","1","0","3","de"
"76","43521","22","F","11","Diese Lehrveranstaltung ist im Studienverlauf richtig positioniert.<br />","","","N","Y","1","0","4","de"
"77","43521","23","F","12","Die Lehrperson setzt Medien angemessen ein.<br />","","","N","Y","1","0","0","de"
"78","43521","23","F","13","Die Lehrperson hat die Lehrveranstaltung regelmäßig selbst gehalten. <br />","","","N","Y","1","0","1","de"
"79","43521","23","F","14","Ich würde die Lehrperson für diese Lehrveranstaltung weiterempfehlen.<br />","","","N","Y","1","0","2","de"
"80","43521","24","F","15","Ich würde diese Lehrveranstaltung weiterempfehlen. <br />","","","N","Y","1","0","0","de"

#
# ANSWERS TABLE
#
"qid","code","answer","default_value","sortorder","assessment_value","language"
"68","bac","Bachelor","N","3","0","de"
"68","dipl","Diplom","N","1","0","de"
"68","mag","Magister","N","4","0","de"
"68","mas","Master","N","2","0","de"
"69","1","Ich habe|an der Veranstaltung teilgenommen","N","1","1","de"
"70","1","Zeitliche Überschneidung mit anderen Kursen","N","1","1","de"
"70","2","Zu viel Kurse","N","2","2","de"
"70","3","Zulassung für andere Kurse erhalten","N","3","3","de"
"70","4","Zu hoher Arbeitsaufwand","N","4","4","de"
"70","5","Thema nicht interessant","N","5","5","de"
"71","1","Pflichtveranstaltung","N","1","1","de"
"71","2","Prüfungsrelevanz","N","2","2","de"
"71","3","Examensvorbereitung","N","3","3","de"
"71","4","Scheinerwerb","N","4","4","de"
"71","5","Interesse","N","5","5","de"
"71","6","Zeitlich günstig","N","6","6","de"
"71","7","Lehrperson","N","7","7","de"
"72","1","trifft zu|trifft nicht zu","N","1","1","de"
"73","1","trifft zu|trifft nicht zu","N","1","1","de"
"74","1","trifft zu|trifft nicht zu","N","1","1","de"
"75","1","trifft zu|trifft nicht zu","N","1","1","de"
"76","1","trifft zu|trifft nicht zu","N","1","1","de"
"77","1","trifft zu|trifft nicht zu","N","1","1","de"
"78","1","trifft zu|trifft nicht zu","N","1","1","de"
"79","1","trifft zu|trifft nicht zu","N","1","0","de"
"80","1","trifft zu|trifft nicht zu","N","1","0","de"

#
# CONDITIONS TABLE
#
"cid","qid","scenario","cqid","cfieldname","method","value"
"5","70","1","69","43521X21X691","> ","1"

#
# LABELSETS TABLE
#
"lid","label_name","languages"
"1","1_to_5","de en"
"2","teilgenommen nicht teilgenommen","de"
"3","Fachsemester","de"

#
# LABELS TABLE
#
"lid","code","title","sortorder","language"
"3","1","1 bis 4","1","de"
"2","1","Immer","1","de"
"1","3","3","3","en"
"3","2","4 bis 8","2","de"
"1","3","3","3","de"
"3","4",">14","4","de"
"1","1","1","1","en"
"1","5","5","5","en"
"3","3","8 bis 14","3","de"
"1","2","2","2","de"
"1","4","4","4","en"
"2","2","Meistens","2","de"
"1","5","5","5","de"
"1","1","1","1","de"
"2","4","Nie","4","de"
"2","3","Selten","3","de"
"1","2","2","2","en"
"1","4","4","4","de"

#
# QUESTION_ATTRIBUTES TABLE
#
"qaid","qid","attribute","value"
"53","67","text_input_width","80"
"54","68","hide_tip","1"
"55","69","answer_width","70"
"56","71","hide_tip","1"
"57","72","answer_width","70"
"58","73","answer_width","70"
"59","74","answer_width","70"
"60","75","answer_width","70"
"61","76","answer_width","70"
"62","77","answer_width","70"
"63","78","answer_width","70"
"64","79","answer_width","70"
"65","80","answer_width","70"

#
# ASSESSMENTS TABLE
#

#
# SURVEYS_LANGUAGESETTINGS TABLE
#
"surveyls_survey_id","surveyls_language","surveyls_title","surveyls_description","surveyls_welcometext","surveyls_url","surveyls_urldescription","surveyls_endtext","surveyls_email_invite_subj","surveyls_email_invite","surveyls_email_remind_subj","surveyls_email_remind","surveyls_email_register_subj","surveyls_email_register","surveyls_email_confirm_subj","surveyls_email_confirm","surveyls_dateformat"
"43521","de","Umfragevorlage 06.2009","Umfragevorlage Universität zu Köln 06/2009<br />","Herzlich Willkommen!<br />","http://his.de","HIS GmbH","Vieln Dank für Ihre Teilnahme an der Umfrage.<br />","Einladung zur Teilnahme an einer Umfrage","Hallo {FIRSTNAME},<br /><br />Hiermit möchten wir Sie zu einer Umfrage einladen.<br /><br />Der Titel der Umfrage ist <br />'{SURVEYNAME}'<br /><br />'{SURVEYDESCRIPTION}'<br /><br />Um an dieser Umfrage teilzunehmen, klicken Sie bitte auf den unten stehenden Link.<br /><br />Mit freundlichen Grüßen,<br /><br />{ADMINNAME} ({ADMINEMAIL})<br /><br />----------------------------------------------<br />Klicken Sie hier um die Umfrage zu starten:<br />{SURVEYURL}","Erinnerung an Teilnahme an einer Umfrage","Hallo {FIRSTNAME},<br /><br />Vor kurzem haben wir Sie zu einer Umfrage eingeladen.<br /><br />Zu unserem Bedauern haben wir bemerkt, dass Sie die Umfrage noch nicht ausgefüllt haben. Wir möchten Ihnen mitteilen, dass die Umfrage noch aktiv ist und würden uns freuen, wenn Sie teilnehmen könnten.<br /><br />Der Titel der Umfrage ist <br />'{SURVEYNAME}'<br /><br />'{SURVEYDESCRIPTION}'<br /><br />Um an dieser Umfrage teilzunehmen, klicken Sie bitte auf den unten stehenden Link.<br /><br /> Mit freundlichen Grüßen,<br /><br />{ADMINNAME} ({ADMINEMAIL})<br /><br />----------------------------------------------<br />Klicken Sie hier um die Umfrage zu starten:<br />{SURVEYURL}","Registrierungsbestätigung für Teilnahmeumfrage","Hallo {FIRSTNAME},<br /><br />Sie (oder jemand, der Ihre Email benutzt hat) haben sich für eine Umfrage mit dem Titel {SURVEYNAME} angemeldet.<br /><br />Um an dieser Umfrage teilzunehmen, klicken Sie bitte auf den folgenden Link.<br /><br />{SURVEYURL}<br /><br />Wenn Sie irgendwelche Fragen zu dieser Umfrage haben oder wenn Sie sich _nicht_ für diese Umfrage angemeldet haben und sie glauben, dass Ihnen diese Email irrtümlicherweise zugeschickt worden ist, kontaktieren Sie bitte {ADMINNAME} unter {ADMINEMAIL}.","Abschlussbestätigung einer Umfrage","Hallo {FIRSTNAME},<br /><br />Vielen Dank für die Teilnahme an der Umfrage mit dem Titel {SURVEYNAME}. Ihre Antworten wurden bei uns gespeichert.<br /><br />Wenn Sie irgendwelche Fragen zu dieser Email haben, kontaktieren Sie bitte {ADMINNAME} unter {ADMINEMAIL}.<br /><br />Mit freundlichen Grüßen,<br /><br />{ADMINNAME}","1"

#
# QUOTA TABLE
#

#
# QUOTA_MEMBERS TABLE
#

